{
    "mAP@0.5": 0.40104815762428064,
    "AP@0.5": {
        "1": 0.35858194162226326,
        "2": 0.570598173852062,
        "3": 0.4208495733573242,
        "4": 0.49283016423051357,
        "5": 0.41562447104203426,
        "6": 0.20623077515542884,
        "7": 0.34262200411033833
    },
    "precision@0.5": {
        "1": 0.35908691834939777,
        "2": 0.7079646017697548,
        "3": 0.5341880341879771,
        "4": 0.5352272727272119,
        "5": 0.5412844036696696,
        "6": 0.3684210526306094,
        "7": 0.5543822597676289
    },
    "recall@0.5": {
        "1": 0.5125313283207378,
        "2": 0.5351170568560978,
        "3": 0.6188118811880422,
        "4": 0.5779141104293769,
        "5": 0.48141432456931266,
        "6": 0.2545454545449917,
        "7": 0.38237436270936764
    },
    "mAP@0.75": 0.05524406286755943,
    "AP@0.75": {
        "1": 0.07885153438336125,
        "2": 0.08669473479997336,
        "3": 0.04810466387470627,
        "4": 0.05214517793509529,
        "5": 0.04131210904961606,
        "6": 0.03636363636128069,
        "7": 0.04323658366888305
    },
    "precision@0.75": {
        "1": 0.1598962834917753,
        "2": 0.28473804100221306,
        "3": 0.1570338058887506,
        "4": 0.21142857142853114,
        "5": 0.20982986767481854,
        "6": 0.3333333333296296,
        "7": 0.18547341115432095
    },
    "recall@0.75": {
        "1": 0.23182957393480802,
        "2": 0.2090301003344132,
        "3": 0.17821782178215614,
        "4": 0.1361963190183882,
        "5": 0.10063463281957383,
        "6": 0.05454545454535537,
        "7": 0.10415149308083728
    },
    "mAP@0.9": 0.00030513120393649024,
    "AP@0.9": {
        "1": 0.0004182408593144531,
        "2": 0.00047617067555417645,
        "3": 0.0003758239290766317,
        "4": 7.844509511256717e-05,
        "5": 0.0004985954847228929,
        "6": 0.0,
        "7": 0.0002886423837747102
    },
    "precision@0.9": {
        "1": 0.013221153846152257,
        "2": 0.02015113350125437,
        "3": 0.011261261261258725,
        "4": 0.01108033240996923,
        "5": 0.02380952380951751,
        "6": 0.0,
        "7": 0.011470281543273047
    },
    "recall@0.9": {
        "1": 0.013784461152880477,
        "2": 0.013377926421402444,
        "3": 0.006188118811880422,
        "4": 0.004907975460122097,
        "5": 0.008159564823208688,
        "6": 0.0,
        "7": 0.00801165331391056
    }
}